,url,link
0,https://www.kommersant.ru/archive/rubric/5/day/2020-05-05,https://kommersant.ru/doc/4336806
1,https://www.kommersant.ru/archive/rubric/5/day/2020-05-05,https://kommersant.ru/doc/4336752
2,https://www.kommersant.ru/archive/rubric/5/day/2020-05-05,https://kommersant.ru/doc/4336766
3,https://www.kommersant.ru/archive/rubric/5/day/2020-05-05,https://kommersant.ru/doc/4336690
4,https://www.kommersant.ru/archive/rubric/5/day/2020-05-05,https://kommersant.ru/doc/4336736
5,https://www.kommersant.ru/archive/rubric/5/day/2020-05-05,https://kommersant.ru/doc/4336740
6,https://www.kommersant.ru/archive/rubric/5/day/2020-05-05,https://kommersant.ru/doc/4336709
7,https://www.kommersant.ru/archive/rubric/5/day/2020-05-05,https://kommersant.ru/doc/4336719
8,https://www.kommersant.ru/archive/rubric/5/day/2020-05-05,https://kommersant.ru/doc/4336721
9,https://www.kommersant.ru/archive/rubric/5/day/2020-05-05,https://kommersant.ru/doc/4336716
10,https://www.kommersant.ru/archive/rubric/5/day/2020-05-05,https://kommersant.ru/doc/4336697
11,https://www.kommersant.ru/archive/rubric/5/day/2020-05-05,https://kommersant.ru/doc/4336703
12,https://www.kommersant.ru/archive/rubric/5/day/2020-05-05,https://kommersant.ru/doc/4336701
13,https://www.kommersant.ru/archive/rubric/5/day/2020-05-05,https://kommersant.ru/doc/4336689
14,https://www.kommersant.ru/archive/rubric/5/day/2020-05-05,https://kommersant.ru/doc/4336693
15,https://www.kommersant.ru/archive/rubric/5/day/2020-05-05,https://kommersant.ru/doc/4336686
16,https://www.kommersant.ru/archive/rubric/5/day/2020-05-05,https://kommersant.ru/doc/4336679
17,https://www.kommersant.ru/archive/rubric/5/day/2020-05-05,https://kommersant.ru/doc/4336666
18,https://www.kommersant.ru/archive/rubric/5/day/2020-05-05,https://kommersant.ru/doc/4336662
19,https://www.kommersant.ru/archive/rubric/5/day/2020-05-05,https://kommersant.ru/doc/4336669
20,https://www.kommersant.ru/archive/rubric/5/day/2020-05-05,https://kommersant.ru/doc/4336667
21,https://www.kommersant.ru/archive/rubric/5/day/2020-05-05,https://kommersant.ru/doc/4336660
22,https://www.kommersant.ru/archive/rubric/5/day/2020-05-05,https://kommersant.ru/doc/4336640
23,https://www.kommersant.ru/archive/rubric/5/day/2020-05-05,https://kommersant.ru/doc/4336624
24,https://www.kommersant.ru/archive/rubric/5/day/2020-05-05,https://kommersant.ru/doc/4336618
25,https://www.kommersant.ru/archive/rubric/5/day/2020-05-05,https://kommersant.ru/doc/4336619
26,https://www.kommersant.ru/archive/rubric/5/day/2020-05-05,https://kommersant.ru/doc/4336617
27,https://www.kommersant.ru/archive/rubric/5/day/2020-05-05,https://kommersant.ru/doc/4336607
28,https://www.kommersant.ru/archive/rubric/5/day/2020-05-05,https://kommersant.ru/doc/4336606
29,https://www.kommersant.ru/archive/rubric/5/day/2020-05-05,https://kommersant.ru/doc/4336587
30,https://www.kommersant.ru/archive/rubric/5/day/2020-05-05,https://kommersant.ru/doc/4336586
31,https://www.kommersant.ru/archive/rubric/5/day/2020-05-05,https://kommersant.ru/doc/4336580
32,https://www.kommersant.ru/archive/rubric/5/day/2020-05-05,https://kommersant.ru/doc/4336579
33,https://www.kommersant.ru/archive/rubric/5/day/2020-05-05,https://kommersant.ru/doc/4336581
34,https://www.kommersant.ru/archive/rubric/5/day/2020-05-05,https://kommersant.ru/doc/4336569
35,https://www.kommersant.ru/archive/rubric/5/day/2020-05-05,https://kommersant.ru/doc/4336557
36,https://www.kommersant.ru/archive/rubric/5/day/2020-05-05,https://kommersant.ru/doc/4336552
37,https://www.kommersant.ru/archive/rubric/5/day/2020-05-05,https://kommersant.ru/doc/4336512
38,https://www.kommersant.ru/archive/rubric/5/day/2020-05-05,https://kommersant.ru/doc/4336508
39,https://www.kommersant.ru/archive/rubric/5/day/2020-05-05,https://kommersant.ru/doc/4336500
40,https://www.kommersant.ru/archive/rubric/5/day/2020-05-05,https://kommersant.ru/doc/4336491
41,https://www.kommersant.ru/archive/rubric/5/day/2020-05-05,https://kommersant.ru/doc/4336484
42,https://www.kommersant.ru/archive/rubric/5/day/2020-05-05,https://kommersant.ru/doc/4336481
43,https://www.kommersant.ru/archive/rubric/5/day/2020-05-05,https://kommersant.ru/doc/4336478
44,https://www.kommersant.ru/archive/rubric/5/day/2020-05-05,https://kommersant.ru/doc/4336477
45,https://www.kommersant.ru/archive/rubric/5/day/2020-05-05,https://kommersant.ru/doc/4336474
46,https://www.kommersant.ru/archive/rubric/5/day/2020-05-05,https://kommersant.ru/doc/4336471
47,https://www.kommersant.ru/archive/rubric/5/day/2020-05-05,https://kommersant.ru/doc/4336469
48,https://www.kommersant.ru/archive/rubric/5/day/2020-05-05,https://kommersant.ru/doc/4336470
49,https://www.kommersant.ru/archive/rubric/5/day/2020-05-05,https://kommersant.ru/doc/4336468
0,https://www.kommersant.ru/archive/rubric/5/day/2020-05-06,https://kommersant.ru/doc/4337446
1,https://www.kommersant.ru/archive/rubric/5/day/2020-05-06,https://kommersant.ru/doc/4337453
2,https://www.kommersant.ru/archive/rubric/5/day/2020-05-06,https://kommersant.ru/doc/4337457
3,https://www.kommersant.ru/archive/rubric/5/day/2020-05-06,https://kommersant.ru/doc/4337421
4,https://www.kommersant.ru/archive/rubric/5/day/2020-05-06,https://kommersant.ru/doc/4337403
5,https://www.kommersant.ru/archive/rubric/5/day/2020-05-06,https://kommersant.ru/doc/4337400
6,https://www.kommersant.ru/archive/rubric/5/day/2020-05-06,https://kommersant.ru/doc/4337392
7,https://www.kommersant.ru/archive/rubric/5/day/2020-05-06,https://kommersant.ru/doc/4337299
8,https://www.kommersant.ru/archive/rubric/5/day/2020-05-06,https://kommersant.ru/doc/4337391
9,https://www.kommersant.ru/archive/rubric/5/day/2020-05-06,https://kommersant.ru/doc/4337369
10,https://www.kommersant.ru/archive/rubric/5/day/2020-05-06,https://kommersant.ru/doc/4337303
11,https://www.kommersant.ru/archive/rubric/5/day/2020-05-06,https://kommersant.ru/doc/4337334
12,https://www.kommersant.ru/archive/rubric/5/day/2020-05-06,https://kommersant.ru/doc/4337327
13,https://www.kommersant.ru/archive/rubric/5/day/2020-05-06,https://kommersant.ru/doc/4337247
14,https://www.kommersant.ru/archive/rubric/5/day/2020-05-06,https://kommersant.ru/doc/4337231
15,https://www.kommersant.ru/archive/rubric/5/day/2020-05-06,https://kommersant.ru/doc/4337213
16,https://www.kommersant.ru/archive/rubric/5/day/2020-05-06,https://kommersant.ru/doc/4337189
17,https://www.kommersant.ru/archive/rubric/5/day/2020-05-06,https://kommersant.ru/doc/4337168
18,https://www.kommersant.ru/archive/rubric/5/day/2020-05-06,https://kommersant.ru/doc/4337192
19,https://www.kommersant.ru/archive/rubric/5/day/2020-05-06,https://kommersant.ru/doc/4337169
20,https://www.kommersant.ru/archive/rubric/5/day/2020-05-06,https://kommersant.ru/doc/4337179
21,https://www.kommersant.ru/archive/rubric/5/day/2020-05-06,https://kommersant.ru/doc/4337144
22,https://www.kommersant.ru/archive/rubric/5/day/2020-05-06,https://kommersant.ru/doc/4337109
23,https://www.kommersant.ru/archive/rubric/5/day/2020-05-06,https://kommersant.ru/doc/4337095
24,https://www.kommersant.ru/archive/rubric/5/day/2020-05-06,https://kommersant.ru/doc/4337052
25,https://www.kommersant.ru/archive/rubric/5/day/2020-05-06,https://kommersant.ru/doc/4337028
26,https://www.kommersant.ru/archive/rubric/5/day/2020-05-06,https://kommersant.ru/doc/4337031
27,https://www.kommersant.ru/archive/rubric/5/day/2020-05-06,https://kommersant.ru/doc/4337017
28,https://www.kommersant.ru/archive/rubric/5/day/2020-05-06,https://kommersant.ru/doc/4336960
29,https://www.kommersant.ru/archive/rubric/5/day/2020-05-06,https://kommersant.ru/doc/4336892
30,https://www.kommersant.ru/archive/rubric/5/day/2020-05-06,https://kommersant.ru/doc/4336875
31,https://www.kommersant.ru/archive/rubric/5/day/2020-05-06,https://kommersant.ru/doc/4336868
32,https://www.kommersant.ru/archive/rubric/5/day/2020-05-06,https://kommersant.ru/doc/4336847
33,https://www.kommersant.ru/archive/rubric/5/day/2020-05-06,https://kommersant.ru/doc/4336840
34,https://www.kommersant.ru/archive/rubric/5/day/2020-05-06,https://kommersant.ru/doc/4336838
35,https://www.kommersant.ru/archive/rubric/5/day/2020-05-06,https://kommersant.ru/doc/4336837
36,https://www.kommersant.ru/archive/rubric/5/day/2020-05-06,https://kommersant.ru/doc/4336833
0,https://www.kommersant.ru/archive/rubric/5/day/2020-05-07,https://kommersant.ru/doc/4340426
1,https://www.kommersant.ru/archive/rubric/5/day/2020-05-07,https://kommersant.ru/doc/4340419
2,https://www.kommersant.ru/archive/rubric/5/day/2020-05-07,https://kommersant.ru/doc/4340420
3,https://www.kommersant.ru/archive/rubric/5/day/2020-05-07,https://kommersant.ru/doc/4340415
4,https://www.kommersant.ru/archive/rubric/5/day/2020-05-07,https://kommersant.ru/doc/4340407
5,https://www.kommersant.ru/archive/rubric/5/day/2020-05-07,https://kommersant.ru/doc/4340408
6,https://www.kommersant.ru/archive/rubric/5/day/2020-05-07,https://kommersant.ru/doc/4340383
7,https://www.kommersant.ru/archive/rubric/5/day/2020-05-07,https://kommersant.ru/doc/4340381
8,https://www.kommersant.ru/archive/rubric/5/day/2020-05-07,https://kommersant.ru/doc/4340357
9,https://www.kommersant.ru/archive/rubric/5/day/2020-05-07,https://kommersant.ru/doc/4340366
10,https://www.kommersant.ru/archive/rubric/5/day/2020-05-07,https://kommersant.ru/doc/4340360
11,https://www.kommersant.ru/archive/rubric/5/day/2020-05-07,https://kommersant.ru/doc/4340345
12,https://www.kommersant.ru/archive/rubric/5/day/2020-05-07,https://kommersant.ru/doc/4340349
13,https://www.kommersant.ru/archive/rubric/5/day/2020-05-07,https://kommersant.ru/doc/4340330
14,https://www.kommersant.ru/archive/rubric/5/day/2020-05-07,https://kommersant.ru/doc/4340298
15,https://www.kommersant.ru/archive/rubric/5/day/2020-05-07,https://kommersant.ru/doc/4340190
16,https://www.kommersant.ru/archive/rubric/5/day/2020-05-07,https://kommersant.ru/doc/4340192
17,https://www.kommersant.ru/archive/rubric/5/day/2020-05-07,https://kommersant.ru/doc/4340140
18,https://www.kommersant.ru/archive/rubric/5/day/2020-05-07,https://kommersant.ru/doc/4340166
19,https://www.kommersant.ru/archive/rubric/5/day/2020-05-07,https://kommersant.ru/doc/4340167
20,https://www.kommersant.ru/archive/rubric/5/day/2020-05-07,https://kommersant.ru/doc/4340085
21,https://www.kommersant.ru/archive/rubric/5/day/2020-05-07,https://kommersant.ru/doc/4337681
22,https://www.kommersant.ru/archive/rubric/5/day/2020-05-07,https://kommersant.ru/doc/4337655
23,https://www.kommersant.ru/archive/rubric/5/day/2020-05-07,https://kommersant.ru/doc/4337662
24,https://www.kommersant.ru/archive/rubric/5/day/2020-05-07,https://kommersant.ru/doc/4337612
25,https://www.kommersant.ru/archive/rubric/5/day/2020-05-07,https://kommersant.ru/doc/4337552
26,https://www.kommersant.ru/archive/rubric/5/day/2020-05-07,https://kommersant.ru/doc/4337537
27,https://www.kommersant.ru/archive/rubric/5/day/2020-05-07,https://kommersant.ru/doc/4337533
28,https://www.kommersant.ru/archive/rubric/5/day/2020-05-07,https://kommersant.ru/doc/4337524
29,https://www.kommersant.ru/archive/rubric/5/day/2020-05-07,https://kommersant.ru/doc/4337517
30,https://www.kommersant.ru/archive/rubric/5/day/2020-05-07,https://kommersant.ru/doc/4337509
31,https://www.kommersant.ru/archive/rubric/5/day/2020-05-07,https://kommersant.ru/doc/4337508
32,https://www.kommersant.ru/archive/rubric/5/day/2020-05-07,https://kommersant.ru/doc/4337506
33,https://www.kommersant.ru/archive/rubric/5/day/2020-05-07,https://kommersant.ru/doc/4337505
34,https://www.kommersant.ru/archive/rubric/5/day/2020-05-07,https://kommersant.ru/doc/4337504
35,https://www.kommersant.ru/archive/rubric/5/day/2020-05-07,https://kommersant.ru/doc/4337503
36,https://www.kommersant.ru/archive/rubric/5/day/2020-05-07,https://kommersant.ru/doc/4337502
37,https://www.kommersant.ru/archive/rubric/5/day/2020-05-07,https://kommersant.ru/doc/4337498
38,https://www.kommersant.ru/archive/rubric/5/day/2020-05-07,https://kommersant.ru/doc/4337473
0,https://www.kommersant.ru/archive/rubric/5/day/2020-05-08,https://kommersant.ru/doc/4341123
1,https://www.kommersant.ru/archive/rubric/5/day/2020-05-08,https://kommersant.ru/doc/4341115
2,https://www.kommersant.ru/archive/rubric/5/day/2020-05-08,https://kommersant.ru/doc/4341105
3,https://www.kommersant.ru/archive/rubric/5/day/2020-05-08,https://kommersant.ru/doc/4341109
4,https://www.kommersant.ru/archive/rubric/5/day/2020-05-08,https://kommersant.ru/doc/4341101
5,https://www.kommersant.ru/archive/rubric/5/day/2020-05-08,https://kommersant.ru/doc/4341106
6,https://www.kommersant.ru/archive/rubric/5/day/2020-05-08,https://kommersant.ru/doc/4341100
7,https://www.kommersant.ru/archive/rubric/5/day/2020-05-08,https://kommersant.ru/doc/4341092
8,https://www.kommersant.ru/archive/rubric/5/day/2020-05-08,https://kommersant.ru/doc/4341072
9,https://www.kommersant.ru/archive/rubric/5/day/2020-05-08,https://kommersant.ru/doc/4341039
10,https://www.kommersant.ru/archive/rubric/5/day/2020-05-08,https://kommersant.ru/doc/4341076
11,https://www.kommersant.ru/archive/rubric/5/day/2020-05-08,https://kommersant.ru/doc/4341062
12,https://www.kommersant.ru/archive/rubric/5/day/2020-05-08,https://kommersant.ru/doc/4341051
13,https://www.kommersant.ru/archive/rubric/5/day/2020-05-08,https://kommersant.ru/doc/4341005
14,https://www.kommersant.ru/archive/rubric/5/day/2020-05-08,https://kommersant.ru/doc/4341036
15,https://www.kommersant.ru/archive/rubric/5/day/2020-05-08,https://kommersant.ru/doc/4341026
16,https://www.kommersant.ru/archive/rubric/5/day/2020-05-08,https://kommersant.ru/doc/4341008
17,https://www.kommersant.ru/archive/rubric/5/day/2020-05-08,https://kommersant.ru/doc/4340940
18,https://www.kommersant.ru/archive/rubric/5/day/2020-05-08,https://kommersant.ru/doc/4340994
19,https://www.kommersant.ru/archive/rubric/5/day/2020-05-08,https://kommersant.ru/doc/4340983
20,https://www.kommersant.ru/archive/rubric/5/day/2020-05-08,https://kommersant.ru/doc/4340914
21,https://www.kommersant.ru/archive/rubric/5/day/2020-05-08,https://kommersant.ru/doc/4340903
22,https://www.kommersant.ru/archive/rubric/5/day/2020-05-08,https://kommersant.ru/doc/4340872
23,https://www.kommersant.ru/archive/rubric/5/day/2020-05-08,https://kommersant.ru/doc/4340868
24,https://www.kommersant.ru/archive/rubric/5/day/2020-05-08,https://kommersant.ru/doc/4340811
25,https://www.kommersant.ru/archive/rubric/5/day/2020-05-08,https://kommersant.ru/doc/4340796
26,https://www.kommersant.ru/archive/rubric/5/day/2020-05-08,https://kommersant.ru/doc/4340733
27,https://www.kommersant.ru/archive/rubric/5/day/2020-05-08,https://kommersant.ru/doc/4340772
28,https://www.kommersant.ru/archive/rubric/5/day/2020-05-08,https://kommersant.ru/doc/4340764
29,https://www.kommersant.ru/archive/rubric/5/day/2020-05-08,https://kommersant.ru/doc/4340722
30,https://www.kommersant.ru/archive/rubric/5/day/2020-05-08,https://kommersant.ru/doc/4340706
31,https://www.kommersant.ru/archive/rubric/5/day/2020-05-08,https://kommersant.ru/doc/4340685
32,https://www.kommersant.ru/archive/rubric/5/day/2020-05-08,https://kommersant.ru/doc/4340673
33,https://www.kommersant.ru/archive/rubric/5/day/2020-05-08,https://kommersant.ru/doc/4340688
34,https://www.kommersant.ru/archive/rubric/5/day/2020-05-08,https://kommersant.ru/doc/4340667
35,https://www.kommersant.ru/archive/rubric/5/day/2020-05-08,https://kommersant.ru/doc/4340655
36,https://www.kommersant.ru/archive/rubric/5/day/2020-05-08,https://kommersant.ru/doc/4340620
37,https://www.kommersant.ru/archive/rubric/5/day/2020-05-08,https://kommersant.ru/doc/4340615
38,https://www.kommersant.ru/archive/rubric/5/day/2020-05-08,https://kommersant.ru/doc/4340614
39,https://www.kommersant.ru/archive/rubric/5/day/2020-05-08,https://kommersant.ru/doc/4340612
40,https://www.kommersant.ru/archive/rubric/5/day/2020-05-08,https://kommersant.ru/doc/4340390
41,https://www.kommersant.ru/archive/rubric/5/day/2020-05-08,https://kommersant.ru/doc/4340608
42,https://www.kommersant.ru/archive/rubric/5/day/2020-05-08,https://kommersant.ru/doc/4340606
43,https://www.kommersant.ru/archive/rubric/5/day/2020-05-08,https://kommersant.ru/doc/4340605
44,https://www.kommersant.ru/archive/rubric/5/day/2020-05-08,https://kommersant.ru/doc/4340604
45,https://www.kommersant.ru/archive/rubric/5/day/2020-05-08,https://kommersant.ru/doc/4340603
46,https://www.kommersant.ru/archive/rubric/5/day/2020-05-08,https://kommersant.ru/doc/4340602
47,https://www.kommersant.ru/archive/rubric/5/day/2020-05-08,https://kommersant.ru/doc/4340450
0,https://www.kommersant.ru/archive/rubric/5/day/2020-05-11,https://kommersant.ru/doc/4342060
1,https://www.kommersant.ru/archive/rubric/5/day/2020-05-11,https://kommersant.ru/doc/4341994
2,https://www.kommersant.ru/archive/rubric/5/day/2020-05-11,https://kommersant.ru/doc/4341952
3,https://www.kommersant.ru/archive/rubric/5/day/2020-05-11,https://kommersant.ru/doc/4341938
4,https://www.kommersant.ru/archive/rubric/5/day/2020-05-11,https://kommersant.ru/doc/4341929
5,https://www.kommersant.ru/archive/rubric/5/day/2020-05-11,https://kommersant.ru/doc/4341886
6,https://www.kommersant.ru/archive/rubric/5/day/2020-05-11,https://kommersant.ru/doc/4341887
7,https://www.kommersant.ru/archive/rubric/5/day/2020-05-11,https://kommersant.ru/doc/4341883
8,https://www.kommersant.ru/archive/rubric/5/day/2020-05-11,https://kommersant.ru/doc/4341879
9,https://www.kommersant.ru/archive/rubric/5/day/2020-05-11,https://kommersant.ru/doc/4341865
10,https://www.kommersant.ru/archive/rubric/5/day/2020-05-11,https://kommersant.ru/doc/4341818
11,https://www.kommersant.ru/archive/rubric/5/day/2020-05-11,https://kommersant.ru/doc/4341857
12,https://www.kommersant.ru/archive/rubric/5/day/2020-05-11,https://kommersant.ru/doc/4341842
13,https://www.kommersant.ru/archive/rubric/5/day/2020-05-11,https://kommersant.ru/doc/4341840
14,https://www.kommersant.ru/archive/rubric/5/day/2020-05-11,https://kommersant.ru/doc/4341801
15,https://www.kommersant.ru/archive/rubric/5/day/2020-05-11,https://kommersant.ru/doc/4341802
16,https://www.kommersant.ru/archive/rubric/5/day/2020-05-11,https://kommersant.ru/doc/4341753
17,https://www.kommersant.ru/archive/rubric/5/day/2020-05-11,https://kommersant.ru/doc/4341745
18,https://www.kommersant.ru/archive/rubric/5/day/2020-05-11,https://kommersant.ru/doc/4341722
19,https://www.kommersant.ru/archive/rubric/5/day/2020-05-11,https://kommersant.ru/doc/4341716
20,https://www.kommersant.ru/archive/rubric/5/day/2020-05-11,https://kommersant.ru/doc/4341709
21,https://www.kommersant.ru/archive/rubric/5/day/2020-05-11,https://kommersant.ru/doc/4341683
22,https://www.kommersant.ru/archive/rubric/5/day/2020-05-11,https://kommersant.ru/doc/4341688
23,https://www.kommersant.ru/archive/rubric/5/day/2020-05-11,https://kommersant.ru/doc/4341676
24,https://www.kommersant.ru/archive/rubric/5/day/2020-05-11,https://kommersant.ru/doc/4341653
25,https://www.kommersant.ru/archive/rubric/5/day/2020-05-11,https://kommersant.ru/doc/4341649
26,https://www.kommersant.ru/archive/rubric/5/day/2020-05-11,https://kommersant.ru/doc/4341646
27,https://www.kommersant.ru/archive/rubric/5/day/2020-05-11,https://kommersant.ru/doc/4341643
28,https://www.kommersant.ru/archive/rubric/5/day/2020-05-11,https://kommersant.ru/doc/4341641
29,https://www.kommersant.ru/archive/rubric/5/day/2020-05-11,https://kommersant.ru/doc/4336300
30,https://www.kommersant.ru/archive/rubric/5/day/2020-05-11,https://kommersant.ru/doc/4332522
31,https://www.kommersant.ru/archive/rubric/5/day/2020-05-11,https://kommersant.ru/doc/4332521
0,https://www.kommersant.ru/archive/rubric/5/day/2021-05-02,https://kommersant.ru/doc/4800505
1,https://www.kommersant.ru/archive/rubric/5/day/2021-05-02,https://kommersant.ru/doc/4800504
2,https://www.kommersant.ru/archive/rubric/5/day/2021-05-02,https://kommersant.ru/doc/4794083
3,https://www.kommersant.ru/archive/rubric/5/day/2021-05-02,https://kommersant.ru/doc/4800496
4,https://www.kommersant.ru/archive/rubric/5/day/2021-05-02,https://kommersant.ru/doc/4800488
5,https://www.kommersant.ru/archive/rubric/5/day/2021-05-02,https://kommersant.ru/doc/4800485
6,https://www.kommersant.ru/archive/rubric/5/day/2021-05-02,https://kommersant.ru/doc/4800483
7,https://www.kommersant.ru/archive/rubric/5/day/2021-05-02,https://kommersant.ru/doc/4800478
8,https://www.kommersant.ru/archive/rubric/5/day/2021-05-02,https://kommersant.ru/doc/4800462
9,https://www.kommersant.ru/archive/rubric/5/day/2021-05-02,https://kommersant.ru/doc/4800477
10,https://www.kommersant.ru/archive/rubric/5/day/2021-05-02,https://kommersant.ru/doc/4800471
11,https://www.kommersant.ru/archive/rubric/5/day/2021-05-02,https://kommersant.ru/doc/4800465
12,https://www.kommersant.ru/archive/rubric/5/day/2021-05-02,https://kommersant.ru/doc/4800466
13,https://www.kommersant.ru/archive/rubric/5/day/2021-05-02,https://kommersant.ru/doc/4800457
14,https://www.kommersant.ru/archive/rubric/5/day/2021-05-02,https://kommersant.ru/doc/4800444
15,https://www.kommersant.ru/archive/rubric/5/day/2021-05-02,https://kommersant.ru/doc/4800441
16,https://www.kommersant.ru/archive/rubric/5/day/2021-05-02,https://kommersant.ru/doc/4800442
17,https://www.kommersant.ru/archive/rubric/5/day/2021-05-02,https://kommersant.ru/doc/4800433
18,https://www.kommersant.ru/archive/rubric/5/day/2021-05-02,https://kommersant.ru/doc/4800437
19,https://www.kommersant.ru/archive/rubric/5/day/2021-05-02,https://kommersant.ru/doc/4800427
20,https://www.kommersant.ru/archive/rubric/5/day/2021-05-02,https://kommersant.ru/doc/4800428
21,https://www.kommersant.ru/archive/rubric/5/day/2021-05-02,https://kommersant.ru/doc/4800411
22,https://www.kommersant.ru/archive/rubric/5/day/2021-05-02,https://kommersant.ru/doc/4800404
23,https://www.kommersant.ru/archive/rubric/5/day/2021-05-02,https://kommersant.ru/doc/4800401
24,https://www.kommersant.ru/archive/rubric/5/day/2021-05-02,https://kommersant.ru/doc/4800397
25,https://www.kommersant.ru/archive/rubric/5/day/2021-05-02,https://kommersant.ru/doc/4800396
26,https://www.kommersant.ru/archive/rubric/5/day/2021-05-02,https://kommersant.ru/doc/4800387
27,https://www.kommersant.ru/archive/rubric/5/day/2021-05-02,https://kommersant.ru/doc/4800386
28,https://www.kommersant.ru/archive/rubric/5/day/2021-05-02,https://kommersant.ru/doc/4800382
29,https://www.kommersant.ru/archive/rubric/5/day/2021-05-02,https://kommersant.ru/doc/4800380
30,https://www.kommersant.ru/archive/rubric/5/day/2021-05-02,https://kommersant.ru/doc/4800377
31,https://www.kommersant.ru/archive/rubric/5/day/2021-05-02,https://kommersant.ru/doc/4800376
32,https://www.kommersant.ru/archive/rubric/5/day/2021-05-02,https://kommersant.ru/doc/4800374
33,https://www.kommersant.ru/archive/rubric/5/day/2021-05-02,https://kommersant.ru/doc/4800373
34,https://www.kommersant.ru/archive/rubric/5/day/2021-05-02,https://kommersant.ru/doc/4800364
0,https://www.kommersant.ru/archive/rubric/5/day/2021-05-03,https://kommersant.ru/doc/4800669
1,https://www.kommersant.ru/archive/rubric/5/day/2021-05-03,https://kommersant.ru/doc/4800666
2,https://www.kommersant.ru/archive/rubric/5/day/2021-05-03,https://kommersant.ru/doc/4800664
3,https://www.kommersant.ru/archive/rubric/5/day/2021-05-03,https://kommersant.ru/doc/4800661
4,https://www.kommersant.ru/archive/rubric/5/day/2021-05-03,https://kommersant.ru/doc/4800656
5,https://www.kommersant.ru/archive/rubric/5/day/2021-05-03,https://kommersant.ru/doc/4800655
6,https://www.kommersant.ru/archive/rubric/5/day/2021-05-03,https://kommersant.ru/doc/4800651
7,https://www.kommersant.ru/archive/rubric/5/day/2021-05-03,https://kommersant.ru/doc/4800649
8,https://www.kommersant.ru/archive/rubric/5/day/2021-05-03,https://kommersant.ru/doc/4800645
9,https://www.kommersant.ru/archive/rubric/5/day/2021-05-03,https://kommersant.ru/doc/4800644
10,https://www.kommersant.ru/archive/rubric/5/day/2021-05-03,https://kommersant.ru/doc/4800643
11,https://www.kommersant.ru/archive/rubric/5/day/2021-05-03,https://kommersant.ru/doc/4800642
12,https://www.kommersant.ru/archive/rubric/5/day/2021-05-03,https://kommersant.ru/doc/4800640
13,https://www.kommersant.ru/archive/rubric/5/day/2021-05-03,https://kommersant.ru/doc/4800636
14,https://www.kommersant.ru/archive/rubric/5/day/2021-05-03,https://kommersant.ru/doc/4800634
15,https://www.kommersant.ru/archive/rubric/5/day/2021-05-03,https://kommersant.ru/doc/4800633
16,https://www.kommersant.ru/archive/rubric/5/day/2021-05-03,https://kommersant.ru/doc/4800630
17,https://www.kommersant.ru/archive/rubric/5/day/2021-05-03,https://kommersant.ru/doc/4800622
18,https://www.kommersant.ru/archive/rubric/5/day/2021-05-03,https://kommersant.ru/doc/4800627
19,https://www.kommersant.ru/archive/rubric/5/day/2021-05-03,https://kommersant.ru/doc/4800616
20,https://www.kommersant.ru/archive/rubric/5/day/2021-05-03,https://kommersant.ru/doc/4800625
21,https://www.kommersant.ru/archive/rubric/5/day/2021-05-03,https://kommersant.ru/doc/4800621
22,https://www.kommersant.ru/archive/rubric/5/day/2021-05-03,https://kommersant.ru/doc/4800613
23,https://www.kommersant.ru/archive/rubric/5/day/2021-05-03,https://kommersant.ru/doc/4800620
24,https://www.kommersant.ru/archive/rubric/5/day/2021-05-03,https://kommersant.ru/doc/4800617
25,https://www.kommersant.ru/archive/rubric/5/day/2021-05-03,https://kommersant.ru/doc/4800610
26,https://www.kommersant.ru/archive/rubric/5/day/2021-05-03,https://kommersant.ru/doc/4800615
27,https://www.kommersant.ru/archive/rubric/5/day/2021-05-03,https://kommersant.ru/doc/4800609
28,https://www.kommersant.ru/archive/rubric/5/day/2021-05-03,https://kommersant.ru/doc/4800603
29,https://www.kommersant.ru/archive/rubric/5/day/2021-05-03,https://kommersant.ru/doc/4800602
30,https://www.kommersant.ru/archive/rubric/5/day/2021-05-03,https://kommersant.ru/doc/4800598
31,https://www.kommersant.ru/archive/rubric/5/day/2021-05-03,https://kommersant.ru/doc/4800593
32,https://www.kommersant.ru/archive/rubric/5/day/2021-05-03,https://kommersant.ru/doc/4800589
33,https://www.kommersant.ru/archive/rubric/5/day/2021-05-03,https://kommersant.ru/doc/4800583
34,https://www.kommersant.ru/archive/rubric/5/day/2021-05-03,https://kommersant.ru/doc/4800582
35,https://www.kommersant.ru/archive/rubric/5/day/2021-05-03,https://kommersant.ru/doc/4800580
36,https://www.kommersant.ru/archive/rubric/5/day/2021-05-03,https://kommersant.ru/doc/4800581
37,https://www.kommersant.ru/archive/rubric/5/day/2021-05-03,https://kommersant.ru/doc/4800576
38,https://www.kommersant.ru/archive/rubric/5/day/2021-05-03,https://kommersant.ru/doc/4800571
39,https://www.kommersant.ru/archive/rubric/5/day/2021-05-03,https://kommersant.ru/doc/4800562
40,https://www.kommersant.ru/archive/rubric/5/day/2021-05-03,https://kommersant.ru/doc/4800556
41,https://www.kommersant.ru/archive/rubric/5/day/2021-05-03,https://kommersant.ru/doc/4800551
42,https://www.kommersant.ru/archive/rubric/5/day/2021-05-03,https://kommersant.ru/doc/4800547
43,https://www.kommersant.ru/archive/rubric/5/day/2021-05-03,https://kommersant.ru/doc/4800546
44,https://www.kommersant.ru/archive/rubric/5/day/2021-05-03,https://kommersant.ru/doc/4800543
45,https://www.kommersant.ru/archive/rubric/5/day/2021-05-03,https://kommersant.ru/doc/4800542
46,https://www.kommersant.ru/archive/rubric/5/day/2021-05-03,https://kommersant.ru/doc/4800540
47,https://www.kommersant.ru/archive/rubric/5/day/2021-05-03,https://kommersant.ru/doc/4800539
48,https://www.kommersant.ru/archive/rubric/5/day/2021-05-03,https://kommersant.ru/doc/4800538
49,https://www.kommersant.ru/archive/rubric/5/day/2021-05-03,https://kommersant.ru/doc/4800537
50,https://www.kommersant.ru/archive/rubric/5/day/2021-05-03,https://kommersant.ru/doc/4800531
51,https://www.kommersant.ru/archive/rubric/5/day/2021-05-03,https://kommersant.ru/doc/4800526
52,https://www.kommersant.ru/archive/rubric/5/day/2021-05-03,https://kommersant.ru/doc/4800525
53,https://www.kommersant.ru/archive/rubric/5/day/2021-05-03,https://kommersant.ru/doc/4800517
0,https://www.kommersant.ru/archive/rubric/5/day/2021-05-04,https://kommersant.ru/doc/4801079
1,https://www.kommersant.ru/archive/rubric/5/day/2021-05-04,https://kommersant.ru/doc/4801077
2,https://www.kommersant.ru/archive/rubric/5/day/2021-05-04,https://kommersant.ru/doc/4801074
3,https://www.kommersant.ru/archive/rubric/5/day/2021-05-04,https://kommersant.ru/doc/4801073
4,https://www.kommersant.ru/archive/rubric/5/day/2021-05-04,https://kommersant.ru/doc/4801066
5,https://www.kommersant.ru/archive/rubric/5/day/2021-05-04,https://kommersant.ru/doc/4801045
6,https://www.kommersant.ru/archive/rubric/5/day/2021-05-04,https://kommersant.ru/doc/4801037
7,https://www.kommersant.ru/archive/rubric/5/day/2021-05-04,https://kommersant.ru/doc/4801051
8,https://www.kommersant.ru/archive/rubric/5/day/2021-05-04,https://kommersant.ru/doc/4801040
9,https://www.kommersant.ru/archive/rubric/5/day/2021-05-04,https://kommersant.ru/doc/4801041
10,https://www.kommersant.ru/archive/rubric/5/day/2021-05-04,https://kommersant.ru/doc/4801021
11,https://www.kommersant.ru/archive/rubric/5/day/2021-05-04,https://kommersant.ru/doc/4801028
12,https://www.kommersant.ru/archive/rubric/5/day/2021-05-04,https://kommersant.ru/doc/4801002
13,https://www.kommersant.ru/archive/rubric/5/day/2021-05-04,https://kommersant.ru/doc/4800984
14,https://www.kommersant.ru/archive/rubric/5/day/2021-05-04,https://kommersant.ru/doc/4800933
15,https://www.kommersant.ru/archive/rubric/5/day/2021-05-04,https://kommersant.ru/doc/4800914
16,https://www.kommersant.ru/archive/rubric/5/day/2021-05-04,https://kommersant.ru/doc/4800946
17,https://www.kommersant.ru/archive/rubric/5/day/2021-05-04,https://kommersant.ru/doc/4800935
18,https://www.kommersant.ru/archive/rubric/5/day/2021-05-04,https://kommersant.ru/doc/4800900
19,https://www.kommersant.ru/archive/rubric/5/day/2021-05-04,https://kommersant.ru/doc/4800894
20,https://www.kommersant.ru/archive/rubric/5/day/2021-05-04,https://kommersant.ru/doc/4800866
21,https://www.kommersant.ru/archive/rubric/5/day/2021-05-04,https://kommersant.ru/doc/4800838
22,https://www.kommersant.ru/archive/rubric/5/day/2021-05-04,https://kommersant.ru/doc/4800787
23,https://www.kommersant.ru/archive/rubric/5/day/2021-05-04,https://kommersant.ru/doc/4800811
24,https://www.kommersant.ru/archive/rubric/5/day/2021-05-04,https://kommersant.ru/doc/4800817
25,https://www.kommersant.ru/archive/rubric/5/day/2021-05-04,https://kommersant.ru/doc/4800700
26,https://www.kommersant.ru/archive/rubric/5/day/2021-05-04,https://kommersant.ru/doc/4800697
27,https://www.kommersant.ru/archive/rubric/5/day/2021-05-04,https://kommersant.ru/doc/4800687
28,https://www.kommersant.ru/archive/rubric/5/day/2021-05-04,https://kommersant.ru/doc/4800681
29,https://www.kommersant.ru/archive/rubric/5/day/2021-05-04,https://kommersant.ru/doc/4800680
30,https://www.kommersant.ru/archive/rubric/5/day/2021-05-04,https://kommersant.ru/doc/4800679
31,https://www.kommersant.ru/archive/rubric/5/day/2021-05-04,https://kommersant.ru/doc/4800675
32,https://www.kommersant.ru/archive/rubric/5/day/2021-05-04,https://kommersant.ru/doc/4800674
33,https://www.kommersant.ru/archive/rubric/5/day/2021-05-04,https://kommersant.ru/doc/4800673
0,https://www.kommersant.ru/archive/rubric/5/day/2021-05-05,https://kommersant.ru/doc/4801535
1,https://www.kommersant.ru/archive/rubric/5/day/2021-05-05,https://kommersant.ru/doc/4801529
2,https://www.kommersant.ru/archive/rubric/5/day/2021-05-05,https://kommersant.ru/doc/4801530
3,https://www.kommersant.ru/archive/rubric/5/day/2021-05-05,https://kommersant.ru/doc/4801521
4,https://www.kommersant.ru/archive/rubric/5/day/2021-05-05,https://kommersant.ru/doc/4801528
5,https://www.kommersant.ru/archive/rubric/5/day/2021-05-05,https://kommersant.ru/doc/4801524
6,https://www.kommersant.ru/archive/rubric/5/day/2021-05-05,https://kommersant.ru/doc/4801520
7,https://www.kommersant.ru/archive/rubric/5/day/2021-05-05,https://kommersant.ru/doc/4801509
8,https://www.kommersant.ru/archive/rubric/5/day/2021-05-05,https://kommersant.ru/doc/4801504
9,https://www.kommersant.ru/archive/rubric/5/day/2021-05-05,https://kommersant.ru/doc/4801489
10,https://www.kommersant.ru/archive/rubric/5/day/2021-05-05,https://kommersant.ru/doc/4801486
11,https://www.kommersant.ru/archive/rubric/5/day/2021-05-05,https://kommersant.ru/doc/4801472
12,https://www.kommersant.ru/archive/rubric/5/day/2021-05-05,https://kommersant.ru/doc/4801468
13,https://www.kommersant.ru/archive/rubric/5/day/2021-05-05,https://kommersant.ru/doc/4801458
14,https://www.kommersant.ru/archive/rubric/5/day/2021-05-05,https://kommersant.ru/doc/4801444
15,https://www.kommersant.ru/archive/rubric/5/day/2021-05-05,https://kommersant.ru/doc/4801463
16,https://www.kommersant.ru/archive/rubric/5/day/2021-05-05,https://kommersant.ru/doc/4801453
17,https://www.kommersant.ru/archive/rubric/5/day/2021-05-05,https://kommersant.ru/doc/4801432
18,https://www.kommersant.ru/archive/rubric/5/day/2021-05-05,https://kommersant.ru/doc/4801450
19,https://www.kommersant.ru/archive/rubric/5/day/2021-05-05,https://kommersant.ru/doc/4801426
20,https://www.kommersant.ru/archive/rubric/5/day/2021-05-05,https://kommersant.ru/doc/4801447
21,https://www.kommersant.ru/archive/rubric/5/day/2021-05-05,https://kommersant.ru/doc/4801442
22,https://www.kommersant.ru/archive/rubric/5/day/2021-05-05,https://kommersant.ru/doc/4801414
23,https://www.kommersant.ru/archive/rubric/5/day/2021-05-05,https://kommersant.ru/doc/4801440
24,https://www.kommersant.ru/archive/rubric/5/day/2021-05-05,https://kommersant.ru/doc/4801431
25,https://www.kommersant.ru/archive/rubric/5/day/2021-05-05,https://kommersant.ru/doc/4801415
26,https://www.kommersant.ru/archive/rubric/5/day/2021-05-05,https://kommersant.ru/doc/4801425
27,https://www.kommersant.ru/archive/rubric/5/day/2021-05-05,https://kommersant.ru/doc/4801421
28,https://www.kommersant.ru/archive/rubric/5/day/2021-05-05,https://kommersant.ru/doc/4801418
29,https://www.kommersant.ru/archive/rubric/5/day/2021-05-05,https://kommersant.ru/doc/4801406
30,https://www.kommersant.ru/archive/rubric/5/day/2021-05-05,https://kommersant.ru/doc/4801401
31,https://www.kommersant.ru/archive/rubric/5/day/2021-05-05,https://kommersant.ru/doc/4801397
32,https://www.kommersant.ru/archive/rubric/5/day/2021-05-05,https://kommersant.ru/doc/4801391
33,https://www.kommersant.ru/archive/rubric/5/day/2021-05-05,https://kommersant.ru/doc/4801386
34,https://www.kommersant.ru/archive/rubric/5/day/2021-05-05,https://kommersant.ru/doc/4801373
35,https://www.kommersant.ru/archive/rubric/5/day/2021-05-05,https://kommersant.ru/doc/4801365
36,https://www.kommersant.ru/archive/rubric/5/day/2021-05-05,https://kommersant.ru/doc/4801367
37,https://www.kommersant.ru/archive/rubric/5/day/2021-05-05,https://kommersant.ru/doc/4801349
38,https://www.kommersant.ru/archive/rubric/5/day/2021-05-05,https://kommersant.ru/doc/4801355
39,https://www.kommersant.ru/archive/rubric/5/day/2021-05-05,https://kommersant.ru/doc/4801339
40,https://www.kommersant.ru/archive/rubric/5/day/2021-05-05,https://kommersant.ru/doc/4801324
41,https://www.kommersant.ru/archive/rubric/5/day/2021-05-05,https://kommersant.ru/doc/4801294
42,https://www.kommersant.ru/archive/rubric/5/day/2021-05-05,https://kommersant.ru/doc/4801286
43,https://www.kommersant.ru/archive/rubric/5/day/2021-05-05,https://kommersant.ru/doc/4801256
44,https://www.kommersant.ru/archive/rubric/5/day/2021-05-05,https://kommersant.ru/doc/4801244
45,https://www.kommersant.ru/archive/rubric/5/day/2021-05-05,https://kommersant.ru/doc/4801226
46,https://www.kommersant.ru/archive/rubric/5/day/2021-05-05,https://kommersant.ru/doc/4801183
47,https://www.kommersant.ru/archive/rubric/5/day/2021-05-05,https://kommersant.ru/doc/4801155
48,https://www.kommersant.ru/archive/rubric/5/day/2021-05-05,https://kommersant.ru/doc/4801142
49,https://www.kommersant.ru/archive/rubric/5/day/2021-05-05,https://kommersant.ru/doc/4801139
50,https://www.kommersant.ru/archive/rubric/5/day/2021-05-05,https://kommersant.ru/doc/4801128
51,https://www.kommersant.ru/archive/rubric/5/day/2021-05-05,https://kommersant.ru/doc/4801123
52,https://www.kommersant.ru/archive/rubric/5/day/2021-05-05,https://kommersant.ru/doc/4801120
53,https://www.kommersant.ru/archive/rubric/5/day/2021-05-05,https://kommersant.ru/doc/4801118
54,https://www.kommersant.ru/archive/rubric/5/day/2021-05-05,https://kommersant.ru/doc/4801119
55,https://www.kommersant.ru/archive/rubric/5/day/2021-05-05,https://kommersant.ru/doc/4801117
56,https://www.kommersant.ru/archive/rubric/5/day/2021-05-05,https://kommersant.ru/doc/4801115
57,https://www.kommersant.ru/archive/rubric/5/day/2021-05-05,https://kommersant.ru/doc/4801114
58,https://www.kommersant.ru/archive/rubric/5/day/2021-05-05,https://kommersant.ru/doc/4801112
59,https://www.kommersant.ru/archive/rubric/5/day/2021-05-05,https://kommersant.ru/doc/4801082
0,https://www.kommersant.ru/archive/rubric/5/day/2021-05-06,https://kommersant.ru/doc/4801914
1,https://www.kommersant.ru/archive/rubric/5/day/2021-05-06,https://kommersant.ru/doc/4801911
2,https://www.kommersant.ru/archive/rubric/5/day/2021-05-06,https://kommersant.ru/doc/4801910
3,https://www.kommersant.ru/archive/rubric/5/day/2021-05-06,https://kommersant.ru/doc/4801898
4,https://www.kommersant.ru/archive/rubric/5/day/2021-05-06,https://kommersant.ru/doc/4801885
5,https://www.kommersant.ru/archive/rubric/5/day/2021-05-06,https://kommersant.ru/doc/4801883
6,https://www.kommersant.ru/archive/rubric/5/day/2021-05-06,https://kommersant.ru/doc/4801874
7,https://www.kommersant.ru/archive/rubric/5/day/2021-05-06,https://kommersant.ru/doc/4801852
8,https://www.kommersant.ru/archive/rubric/5/day/2021-05-06,https://kommersant.ru/doc/4801853
9,https://www.kommersant.ru/archive/rubric/5/day/2021-05-06,https://kommersant.ru/doc/4801842
10,https://www.kommersant.ru/archive/rubric/5/day/2021-05-06,https://kommersant.ru/doc/4801845
11,https://www.kommersant.ru/archive/rubric/5/day/2021-05-06,https://kommersant.ru/doc/4801793
12,https://www.kommersant.ru/archive/rubric/5/day/2021-05-06,https://kommersant.ru/doc/4801759
13,https://www.kommersant.ru/archive/rubric/5/day/2021-05-06,https://kommersant.ru/doc/4801763
14,https://www.kommersant.ru/archive/rubric/5/day/2021-05-06,https://kommersant.ru/doc/4801764
15,https://www.kommersant.ru/archive/rubric/5/day/2021-05-06,https://kommersant.ru/doc/4801746
16,https://www.kommersant.ru/archive/rubric/5/day/2021-05-06,https://kommersant.ru/doc/4801731
17,https://www.kommersant.ru/archive/rubric/5/day/2021-05-06,https://kommersant.ru/doc/4801716
18,https://www.kommersant.ru/archive/rubric/5/day/2021-05-06,https://kommersant.ru/doc/4801699
19,https://www.kommersant.ru/archive/rubric/5/day/2021-05-06,https://kommersant.ru/doc/4801690
20,https://www.kommersant.ru/archive/rubric/5/day/2021-05-06,https://kommersant.ru/doc/4801686
21,https://www.kommersant.ru/archive/rubric/5/day/2021-05-06,https://kommersant.ru/doc/4801537
22,https://www.kommersant.ru/archive/rubric/5/day/2021-05-06,https://kommersant.ru/doc/4801590
23,https://www.kommersant.ru/archive/rubric/5/day/2021-05-06,https://kommersant.ru/doc/4801579
24,https://www.kommersant.ru/archive/rubric/5/day/2021-05-06,https://kommersant.ru/doc/4801574
25,https://www.kommersant.ru/archive/rubric/5/day/2021-05-06,https://kommersant.ru/doc/4801552
26,https://www.kommersant.ru/archive/rubric/5/day/2021-05-06,https://kommersant.ru/doc/4801562
27,https://www.kommersant.ru/archive/rubric/5/day/2021-05-06,https://kommersant.ru/doc/4801559
28,https://www.kommersant.ru/archive/rubric/5/day/2021-05-06,https://kommersant.ru/doc/4801556
29,https://www.kommersant.ru/archive/rubric/5/day/2021-05-06,https://kommersant.ru/doc/4801555
30,https://www.kommersant.ru/archive/rubric/5/day/2021-05-06,https://kommersant.ru/doc/4801551
31,https://www.kommersant.ru/archive/rubric/5/day/2021-05-06,https://kommersant.ru/doc/4801550
32,https://www.kommersant.ru/archive/rubric/5/day/2021-05-06,https://kommersant.ru/doc/4801549
33,https://www.kommersant.ru/archive/rubric/5/day/2021-05-06,https://kommersant.ru/doc/4801548
34,https://www.kommersant.ru/archive/rubric/5/day/2021-05-06,https://kommersant.ru/doc/4801547
35,https://www.kommersant.ru/archive/rubric/5/day/2021-05-06,https://kommersant.ru/doc/4801546
36,https://www.kommersant.ru/archive/rubric/5/day/2021-05-06,https://kommersant.ru/doc/4801544
37,https://www.kommersant.ru/archive/rubric/5/day/2021-05-06,https://kommersant.ru/doc/4801542
0,https://www.kommersant.ru/archive/rubric/5/day/2021-05-07,https://kommersant.ru/doc/4802304
1,https://www.kommersant.ru/archive/rubric/5/day/2021-05-07,https://kommersant.ru/doc/4802303
2,https://www.kommersant.ru/archive/rubric/5/day/2021-05-07,https://kommersant.ru/doc/4802284
3,https://www.kommersant.ru/archive/rubric/5/day/2021-05-07,https://kommersant.ru/doc/4802278
4,https://www.kommersant.ru/archive/rubric/5/day/2021-05-07,https://kommersant.ru/doc/4802283
5,https://www.kommersant.ru/archive/rubric/5/day/2021-05-07,https://kommersant.ru/doc/4802271
6,https://www.kommersant.ru/archive/rubric/5/day/2021-05-07,https://kommersant.ru/doc/4802274
7,https://www.kommersant.ru/archive/rubric/5/day/2021-05-07,https://kommersant.ru/doc/4802261
8,https://www.kommersant.ru/archive/rubric/5/day/2021-05-07,https://kommersant.ru/doc/4802257
9,https://www.kommersant.ru/archive/rubric/5/day/2021-05-07,https://kommersant.ru/doc/4802248
10,https://www.kommersant.ru/archive/rubric/5/day/2021-05-07,https://kommersant.ru/doc/4802244
11,https://www.kommersant.ru/archive/rubric/5/day/2021-05-07,https://kommersant.ru/doc/4802206
12,https://www.kommersant.ru/archive/rubric/5/day/2021-05-07,https://kommersant.ru/doc/4802192
13,https://www.kommersant.ru/archive/rubric/5/day/2021-05-07,https://kommersant.ru/doc/4802180
14,https://www.kommersant.ru/archive/rubric/5/day/2021-05-07,https://kommersant.ru/doc/4802189
15,https://www.kommersant.ru/archive/rubric/5/day/2021-05-07,https://kommersant.ru/doc/4802148
16,https://www.kommersant.ru/archive/rubric/5/day/2021-05-07,https://kommersant.ru/doc/4802147
17,https://www.kommersant.ru/archive/rubric/5/day/2021-05-07,https://kommersant.ru/doc/4802140
18,https://www.kommersant.ru/archive/rubric/5/day/2021-05-07,https://kommersant.ru/doc/4802130
19,https://www.kommersant.ru/archive/rubric/5/day/2021-05-07,https://kommersant.ru/doc/4802120
20,https://www.kommersant.ru/archive/rubric/5/day/2021-05-07,https://kommersant.ru/doc/4802119
21,https://www.kommersant.ru/archive/rubric/5/day/2021-05-07,https://kommersant.ru/doc/4802105
22,https://www.kommersant.ru/archive/rubric/5/day/2021-05-07,https://kommersant.ru/doc/4802102
23,https://www.kommersant.ru/archive/rubric/5/day/2021-05-07,https://kommersant.ru/doc/4802096
24,https://www.kommersant.ru/archive/rubric/5/day/2021-05-07,https://kommersant.ru/doc/4802068
25,https://www.kommersant.ru/archive/rubric/5/day/2021-05-07,https://kommersant.ru/doc/4802091
26,https://www.kommersant.ru/archive/rubric/5/day/2021-05-07,https://kommersant.ru/doc/4802082
27,https://www.kommersant.ru/archive/rubric/5/day/2021-05-07,https://kommersant.ru/doc/4802079
28,https://www.kommersant.ru/archive/rubric/5/day/2021-05-07,https://kommersant.ru/doc/4802077
29,https://www.kommersant.ru/archive/rubric/5/day/2021-05-07,https://kommersant.ru/doc/4802064
30,https://www.kommersant.ru/archive/rubric/5/day/2021-05-07,https://kommersant.ru/doc/4802033
31,https://www.kommersant.ru/archive/rubric/5/day/2021-05-07,https://kommersant.ru/doc/4801967
32,https://www.kommersant.ru/archive/rubric/5/day/2021-05-07,https://kommersant.ru/doc/4801957
33,https://www.kommersant.ru/archive/rubric/5/day/2021-05-07,https://kommersant.ru/doc/4801950
34,https://www.kommersant.ru/archive/rubric/5/day/2021-05-07,https://kommersant.ru/doc/4801939
35,https://www.kommersant.ru/archive/rubric/5/day/2021-05-07,https://kommersant.ru/doc/4801934
36,https://www.kommersant.ru/archive/rubric/5/day/2021-05-07,https://kommersant.ru/doc/4801932
37,https://www.kommersant.ru/archive/rubric/5/day/2021-05-07,https://kommersant.ru/doc/4801930
38,https://www.kommersant.ru/archive/rubric/5/day/2021-05-07,https://kommersant.ru/doc/4801929
39,https://www.kommersant.ru/archive/rubric/5/day/2021-05-07,https://kommersant.ru/doc/4801927
40,https://www.kommersant.ru/archive/rubric/5/day/2021-05-07,https://kommersant.ru/doc/4801925
41,https://www.kommersant.ru/archive/rubric/5/day/2021-05-07,https://kommersant.ru/doc/4801924
42,https://www.kommersant.ru/archive/rubric/5/day/2021-05-07,https://kommersant.ru/doc/4801923
0,https://www.kommersant.ru/archive/rubric/5/day/2021-05-10,https://kommersant.ru/doc/4802855
1,https://www.kommersant.ru/archive/rubric/5/day/2021-05-10,https://kommersant.ru/doc/4802807
2,https://www.kommersant.ru/archive/rubric/5/day/2021-05-10,https://kommersant.ru/doc/4802838
3,https://www.kommersant.ru/archive/rubric/5/day/2021-05-10,https://kommersant.ru/doc/4802840
4,https://www.kommersant.ru/archive/rubric/5/day/2021-05-10,https://kommersant.ru/doc/4802814
5,https://www.kommersant.ru/archive/rubric/5/day/2021-05-10,https://kommersant.ru/doc/4802748
6,https://www.kommersant.ru/archive/rubric/5/day/2021-05-10,https://kommersant.ru/doc/4802827
7,https://www.kommersant.ru/archive/rubric/5/day/2021-05-10,https://kommersant.ru/doc/4802822
8,https://www.kommersant.ru/archive/rubric/5/day/2021-05-10,https://kommersant.ru/doc/4802805
9,https://www.kommersant.ru/archive/rubric/5/day/2021-05-10,https://kommersant.ru/doc/4802821
10,https://www.kommersant.ru/archive/rubric/5/day/2021-05-10,https://kommersant.ru/doc/4802790
11,https://www.kommersant.ru/archive/rubric/5/day/2021-05-10,https://kommersant.ru/doc/4802815
12,https://www.kommersant.ru/archive/rubric/5/day/2021-05-10,https://kommersant.ru/doc/4802802
13,https://www.kommersant.ru/archive/rubric/5/day/2021-05-10,https://kommersant.ru/doc/4802796
14,https://www.kommersant.ru/archive/rubric/5/day/2021-05-10,https://kommersant.ru/doc/4802793
15,https://www.kommersant.ru/archive/rubric/5/day/2021-05-10,https://kommersant.ru/doc/4802789
16,https://www.kommersant.ru/archive/rubric/5/day/2021-05-10,https://kommersant.ru/doc/4802302
17,https://www.kommersant.ru/archive/rubric/5/day/2021-05-10,https://kommersant.ru/doc/4802753
18,https://www.kommersant.ru/archive/rubric/5/day/2021-05-10,https://kommersant.ru/doc/4802738
19,https://www.kommersant.ru/archive/rubric/5/day/2021-05-10,https://kommersant.ru/doc/4802739
20,https://www.kommersant.ru/archive/rubric/5/day/2021-05-10,https://kommersant.ru/doc/4802737
21,https://www.kommersant.ru/archive/rubric/5/day/2021-05-10,https://kommersant.ru/doc/4802742
22,https://www.kommersant.ru/archive/rubric/5/day/2021-05-10,https://kommersant.ru/doc/4802735
23,https://www.kommersant.ru/archive/rubric/5/day/2021-05-10,https://kommersant.ru/doc/4802731
24,https://www.kommersant.ru/archive/rubric/5/day/2021-05-10,https://kommersant.ru/doc/4802730
25,https://www.kommersant.ru/archive/rubric/5/day/2021-05-10,https://kommersant.ru/doc/4802712
26,https://www.kommersant.ru/archive/rubric/5/day/2021-05-10,https://kommersant.ru/doc/4802709
27,https://www.kommersant.ru/archive/rubric/5/day/2021-05-10,https://kommersant.ru/doc/4802704
28,https://www.kommersant.ru/archive/rubric/5/day/2021-05-10,https://kommersant.ru/doc/4802696
29,https://www.kommersant.ru/archive/rubric/5/day/2021-05-10,https://kommersant.ru/doc/4802697
30,https://www.kommersant.ru/archive/rubric/5/day/2021-05-10,https://kommersant.ru/doc/4802694
31,https://www.kommersant.ru/archive/rubric/5/day/2021-05-10,https://kommersant.ru/doc/4802685
32,https://www.kommersant.ru/archive/rubric/5/day/2021-05-10,https://kommersant.ru/doc/4802673
33,https://www.kommersant.ru/archive/rubric/5/day/2021-05-10,https://kommersant.ru/doc/4802667
34,https://www.kommersant.ru/archive/rubric/5/day/2021-05-10,https://kommersant.ru/doc/4802655
35,https://www.kommersant.ru/archive/rubric/5/day/2021-05-10,https://kommersant.ru/doc/4802654
36,https://www.kommersant.ru/archive/rubric/5/day/2021-05-10,https://kommersant.ru/doc/4802649
37,https://www.kommersant.ru/archive/rubric/5/day/2021-05-10,https://kommersant.ru/doc/4802636
38,https://www.kommersant.ru/archive/rubric/5/day/2021-05-10,https://kommersant.ru/doc/4802642
39,https://www.kommersant.ru/archive/rubric/5/day/2021-05-10,https://kommersant.ru/doc/4802638
40,https://www.kommersant.ru/archive/rubric/5/day/2021-05-10,https://kommersant.ru/doc/4802637
41,https://www.kommersant.ru/archive/rubric/5/day/2021-05-10,https://kommersant.ru/doc/4802635
42,https://www.kommersant.ru/archive/rubric/5/day/2021-05-10,https://kommersant.ru/doc/4802634
43,https://www.kommersant.ru/archive/rubric/5/day/2021-05-10,https://kommersant.ru/doc/4802632
44,https://www.kommersant.ru/archive/rubric/5/day/2021-05-10,https://kommersant.ru/doc/4802630
45,https://www.kommersant.ru/archive/rubric/5/day/2021-05-10,https://kommersant.ru/doc/4802628
0,https://www.kommersant.ru/archive/rubric/5/day/2021-05-11,https://kommersant.ru/doc/4803474
1,https://www.kommersant.ru/archive/rubric/5/day/2021-05-11,https://kommersant.ru/doc/4803493
2,https://www.kommersant.ru/archive/rubric/5/day/2021-05-11,https://kommersant.ru/doc/4803484
3,https://www.kommersant.ru/archive/rubric/5/day/2021-05-11,https://kommersant.ru/doc/4803481
4,https://www.kommersant.ru/archive/rubric/5/day/2021-05-11,https://kommersant.ru/doc/4803454
5,https://www.kommersant.ru/archive/rubric/5/day/2021-05-11,https://kommersant.ru/doc/4803429
6,https://www.kommersant.ru/archive/rubric/5/day/2021-05-11,https://kommersant.ru/doc/4803438
7,https://www.kommersant.ru/archive/rubric/5/day/2021-05-11,https://kommersant.ru/doc/4803434
8,https://www.kommersant.ru/archive/rubric/5/day/2021-05-11,https://kommersant.ru/doc/4803419
9,https://www.kommersant.ru/archive/rubric/5/day/2021-05-11,https://kommersant.ru/doc/4803394
10,https://www.kommersant.ru/archive/rubric/5/day/2021-05-11,https://kommersant.ru/doc/4803388
11,https://www.kommersant.ru/archive/rubric/5/day/2021-05-11,https://kommersant.ru/doc/4803402
12,https://www.kommersant.ru/archive/rubric/5/day/2021-05-11,https://kommersant.ru/doc/4803377
13,https://www.kommersant.ru/archive/rubric/5/day/2021-05-11,https://kommersant.ru/doc/4803354
14,https://www.kommersant.ru/archive/rubric/5/day/2021-05-11,https://kommersant.ru/doc/4803341
15,https://www.kommersant.ru/archive/rubric/5/day/2021-05-11,https://kommersant.ru/doc/4803292
16,https://www.kommersant.ru/archive/rubric/5/day/2021-05-11,https://kommersant.ru/doc/4803316
17,https://www.kommersant.ru/archive/rubric/5/day/2021-05-11,https://kommersant.ru/doc/4803180
18,https://www.kommersant.ru/archive/rubric/5/day/2021-05-11,https://kommersant.ru/doc/4803304
19,https://www.kommersant.ru/archive/rubric/5/day/2021-05-11,https://kommersant.ru/doc/4803250
20,https://www.kommersant.ru/archive/rubric/5/day/2021-05-11,https://kommersant.ru/doc/4803224
21,https://www.kommersant.ru/archive/rubric/5/day/2021-05-11,https://kommersant.ru/doc/4803150
22,https://www.kommersant.ru/archive/rubric/5/day/2021-05-11,https://kommersant.ru/doc/4803140
23,https://www.kommersant.ru/archive/rubric/5/day/2021-05-11,https://kommersant.ru/doc/4803136
24,https://www.kommersant.ru/archive/rubric/5/day/2021-05-11,https://kommersant.ru/doc/4803117
25,https://www.kommersant.ru/archive/rubric/5/day/2021-05-11,https://kommersant.ru/doc/4803113
26,https://www.kommersant.ru/archive/rubric/5/day/2021-05-11,https://kommersant.ru/doc/4802963
27,https://www.kommersant.ru/archive/rubric/5/day/2021-05-11,https://kommersant.ru/doc/4802969
28,https://www.kommersant.ru/archive/rubric/5/day/2021-05-11,https://kommersant.ru/doc/4802908
29,https://www.kommersant.ru/archive/rubric/5/day/2021-05-11,https://kommersant.ru/doc/4802893
30,https://www.kommersant.ru/archive/rubric/5/day/2021-05-11,https://kommersant.ru/doc/4802888
31,https://www.kommersant.ru/archive/rubric/5/day/2021-05-11,https://kommersant.ru/doc/4802886
32,https://www.kommersant.ru/archive/rubric/5/day/2021-05-11,https://kommersant.ru/doc/4802882
33,https://www.kommersant.ru/archive/rubric/5/day/2021-05-11,https://kommersant.ru/doc/4802881
34,https://www.kommersant.ru/archive/rubric/5/day/2021-05-11,https://kommersant.ru/doc/4802880
35,https://www.kommersant.ru/archive/rubric/5/day/2021-05-11,https://kommersant.ru/doc/4802879
36,https://www.kommersant.ru/archive/rubric/5/day/2021-05-11,https://kommersant.ru/doc/4802877
37,https://www.kommersant.ru/archive/rubric/5/day/2021-05-11,https://kommersant.ru/doc/4802876
38,https://www.kommersant.ru/archive/rubric/5/day/2021-05-11,https://kommersant.ru/doc/4802875
39,https://www.kommersant.ru/archive/rubric/5/day/2021-05-11,https://kommersant.ru/doc/4802874
40,https://www.kommersant.ru/archive/rubric/5/day/2021-05-11,https://kommersant.ru/doc/4802860
41,https://www.kommersant.ru/archive/rubric/5/day/2021-05-11,https://kommersant.ru/doc/4802859
